Sentiment,Avg_Likes,Avg_Retweets
Neutral,81.77777777777777,19.444444444444443
Positive,77.0,21.682926829268293
Negative,68.08695652173913,26.652173913043477
