AgeGroup,Avg_Likes,Avg_Retweets
Adult,84.52631578947368,25.526315789473685
Senior,76.87179487179488,21.71794871794872
Teen,67.8125,22.46875
